building,name,display_name
10,101A,ゼミ101A
10,101B,ゼミ101B
10,101C,ゼミ101C
10,101D,ゼミ101D
10,101E,ゼミ101E
10,101F,ゼミ101F
10,101G,ゼミ101G
10,101H,ゼミ101H
10,105A,ゼミ105A
10,105B,ゼミ105B
10,105C,ゼミ105C
10,105D,ゼミ105D
10,105E,ゼミ105E
10,105F,ゼミ105F
10,105G,ゼミ105G
10,105H,ゼミ105H
10,105I,ゼミ105I
10,105J,ゼミ105J
10,105K,ゼミ105K
10,105L,ゼミ105L
10,105M,ゼミ105M
10,105N,ゼミ105N
10,105O,ゼミ105O
10,105P,ゼミ105P
10,105Q,ゼミ105Q
10,105R,ゼミ105R
10,105S,ゼミ105S
10,105T,ゼミ105T
10,105U,ゼミ105U
10,105V,ゼミ105V
10,105W,ゼミ105W
10,105X,ゼミ105X
10,Sky_Terrace,スカイテラス
10,SUBWAY,サブウェイ
10,Lab_Rep,研究室受付
1,Lab1,ラボ1
1,Lab2,ラボ2
1,Lab3,ラボ3
1,CS1,コミュニケーションサロン1
1,CS2,コミュニケーションサロン2
1,CALL_Self,CALL自習室
1,CALL_D,CALL教室D
1,CALL_B,CALL教室B
1,CALL_C,CALL教室C
1,CALL_A,CALL教室A
5,Natural_Science_Laboratory1,自然科学実験室1
5,Natural_Science_Laboratory2,自然科学実験室2
5,Life_Science_Laboratory1,生命科学実験室1
5,Life_Science_Laboratory2,生命科学実験室2
5,Life_Science_Laboratory3,生命科学実験室3
5,Changing_Room,更衣室
5,PE_Practice _Room,体育実験実習室
5,Social _And_PE_Laboratory,社会体育研究室
5,Physiological_Laboratory,生理実験室
5,Physical_Fitness_Measurement_Room,体力測定室
5,PE_Laboratory,体育実験室
5,51,ゼミ51
5,52,ゼミ52
5,53,ゼミ53
5,54,ゼミ54
5,55,ゼミ55
5,56,ゼミ56
7,70,ゼミ70
7,71,ゼミ71
7,72,ゼミ72
7,73,ゼミ73
7,74,ゼミ74
7,75,ゼミ75
7,76,ゼミ76
7,77,ゼミ77
7,78,ゼミ78
7,79,ゼミ79
0,VIEW,レストランVIEW
10,10601,10601
10,10602,10602
10,10603,10603
10,10604,10604
10,10605,10605
10,10606,10606
10,10607,10607
10,10608,10608
10,10609,10609
10,10610,10610
10,10611,10611
10,10612,10612
10,10613,10613
10,10614,10614
10,10615,10615
10,10616,10616
10,10617,10617
10,10618,10618
10,10619,10619
10,10620,10620
10,10621,10621
10,10622,10622
10,10623,10623
10,10624,10624
10,10625,10625
10,10626,10626
10,10627,10627
10,10628,10628
10,10629,10629
10,10630,10630
10,10631,10631
10,10632,10632
10,10633,10633
10,10634,10634
10,10635,10635
10,10636,10636
10,10637,10637
10,10638,10638
10,10639,10639
10,10640,10640
10,10641,10641
10,10642,10642
10,10643,10643
10,10644,10644
10,10645,10645
10,10646,10646
10,10647,10647
10,10648,10648
1,1201,1201
1,1202,1202
1,1203,1203
1,1204,1204
1,1205,1205
1,1206,1206
1,1207,1207
1,1301,1301
1,1302,1302
1,1303,1303
1,1304,1304
1,1305,1305
1,1306,1306
1,1307,1307
1,1308,1308
1,1309,1309
1,1310,1310
1,1401,1401
1,1402,1402
1,1403,1403
1,1404,1404
1,1405,1405
1,1406,1406
1,1407,1407
1,1408,1408
1,1409,1409
1,1410,1410
1,1411,1411
1,1412,1412
1,1413,1413
5,G1,G1
5,G2,G2
5,G3,G3
5,G4,G4
5,G5,G5
5,G6,G6
5,G7,G7
5,G8,G8
5,G9,G9
5,G10,G10
5,G11,G11
5,G12,G12
5,G13,G13
5,G14,G14
5,G15,G15